{"cameraMode":{"drawMode":0,"name":"Shaded","section":"Shading Mode"},"sceneLighting":true,"audioPlay":false,"sceneViewState":{"showFog":true,"showMaterialUpdate":true,"showSkybox":true,"showFlares":true,"showImageEffects":true,"showParticleSystems":true},"in2DMode":false,"pivot":{"x":9.271650314331055,"y":8.617344856262207,"z":-4.844964504241943},"rotation":{"x":-0.19688518345355988,"y":0.5897865295410156,"z":-0.1511063128709793,"w":-0.7684696316719055},"size":6.485305309295654,"orthographic":false}