{"cameraMode":{"drawMode":0,"name":"Shaded","section":"Shading Mode"},"sceneLighting":true,"audioPlay":false,"sceneViewState":{"showFog":true,"showMaterialUpdate":true,"showSkybox":true,"showFlares":true,"showImageEffects":true,"showParticleSystems":true},"in2DMode":false,"pivot":{"x":11.149274826049805,"y":6.6257452964782719,"z":-7.708489418029785},"rotation":{"x":-0.1735527068376541,"y":0.5260937213897705,"z":-0.11065434664487839,"w":-0.8251387476921082},"size":11.269118309020996,"orthographic":false}