{"cameraMode":{"drawMode":0,"name":"Shaded","section":"Shading Mode"},"sceneLighting":true,"audioPlay":false,"sceneViewState":{"showFog":true,"showMaterialUpdate":false,"showSkybox":true,"showFlares":true,"showImageEffects":true,"showParticleSystems":true},"in2DMode":false,"pivot":{"x":-27.95131492614746,"y":-2.7980713844299318,"z":3.375931978225708},"rotation":{"x":-0.0460110567510128,"y":0.6850820779800415,"z":-0.043425850570201877,"w":-0.7257267236709595},"size":32.753631591796878,"orthographic":false}